id,name,email,available_timeslots
1,Dr. Said,said@university.edu,"1,2,3,4,5,6,7,8,9,10"
2,Dr. Alicia Romero,a.romero@university.edu,"1,2,3,4,5,11,12,13,14,15"
3,Prof. Marco Silva,m.silva@university.edu,"6,7,8,9,10,16,17,18,19,20"
4,Dr. Meera Patel,m.patel@university.edu,"1,3,5,7,9,11,13,15,17,19"
5,Mtro. Luis Roberto,l.roberto@university.edu,"2,4,6,8,10,12,14,16,18,20"
6,Mtra. Gloria,gloria@university.edu,"1,2,3,4,5,6,7,8,9,10"
7,Mtro. Mario,mario@university.edu,"11,12,13,14,15,16,17,18,19,20"
8,Mtra. Vanessa,vanessa@university.edu,"1,3,5,7,9,11,13,15,17,19"
9,Mtro. Nu√±o,nuno@university.edu,"2,4,6,8,10,12,14,16,18,20"
